,Name,Linear Projection,SVM Projection,Lin Value Above Baseline,SVM Value Above Baseline,Group,Bye,MFL,FFC,RTS,Fantrax,ADP Rank,Proj Rank,Diff
0,PeytonManning,25.8579742323,23.8056965484,6.05750433207,3.83107932247,2.0,7.0,68.0,52.0,51.0,40.0,4,1,3
2,AndrewLuck,23.3413869374,23.3527894013,3.54091703721,3.37817217536,2.0,10.0,21.0,19.0,19.0,14.0,1,2,-1
1,DrewBrees,24.2177091448,23.1185229262,4.41723924457,3.14390570027,2.0,11.0,79.0,61.0,50.0,43.0,6,3,3
7,RussellWilson,20.2669721899,21.7309236805,0.466502289706,1.75630645463,2.0,9.0,58.0,68.0,66.0,41.0,3,4,-1
4,AaronRodgers,21.3204082122,21.5888975223,1.51993831195,1.61428029643,2.0,7.0,28.0,25.0,26.0,7.0,2,5,-3
3,BenRoethlisberger,21.3302884516,21.1580795075,1.52981855133,1.18346228158,2.0,11.0,78.0,59.0,64.0,39.0,5,6,-1
5,PhilipRivers,21.2697770706,21.0460897966,1.46930717041,1.07147257072,2.0,10.0,121.0,113.0,112.0,100.0,14,7,7
6,MattRyan,20.6117273753,20.7268185984,0.811257475099,0.752201372478,2.0,10.0,91.0,76.0,74.0,63.0,8,8,0
14,CamNewton,19.3489541327,20.5673381856,-0.45151576757,0.592720959677,2.0,5.0,83.0,116.0,96.0,112.0,7,9,-2
11,RyanTannehill,19.8004699002,20.3297580094,0.0,0.355140783498,2.0,5.0,104.0,94.0,90.0,67.0,10,10,0
9,TomBrady,20.2106378927,20.2471852746,0.410167992424,0.27256804871,2.0,4.0,107.0,86.0,88.0,75.0,11,11,0
8,TonyRomo,20.2550000069,19.9746172259,0.45453010663,0.0,2.0,6.0,103.0,81.0,89.0,70.0,9,12,-3
10,MatthewStafford,20.0223768505,19.9435222401,0.221906950279,-0.0310949857681,2.0,9.0,111.0,97.0,81.0,68.0,12,13,-1
13,JayCutler,19.3931104883,19.6008931941,-0.407359411935,-0.373724031776,2.0,7.0,153.0,166.0,153.0,183.0,18,14,4
12,AndyDalton,19.4320081356,19.4026442272,-0.368461764652,-0.571972998682,2.0,7.0,165.0,172.0,156.0,191.0,19,15,4
17,ColinKaepernick,18.0832092107,18.9592671422,-1.71726068954,-1.01535008369,2.0,10.0,137.0,148.0,154.0,131.0,15,16,-1
16,JoeFlacco,18.5522569165,18.7890267466,-1.24821298377,-1.18559047926,2.0,9.0,143.0,156.0,137.0,157.0,16,17,-1
15,EliManning,18.6610828974,18.7834714362,-1.13938700284,-1.19114578973,2.0,11.0,114.0,93.0,85.0,85.0,13,18,-5
18,AlexSmith,17.3210453083,17.3470774936,-2.47942459189,-2.62753973227,2.0,9.0,181.0,,239.0,241.0,20,19,1
19,NickFoles,16.3978145953,15.2874465879,-3.40265530497,-4.68717063802,0.0,6.0,211.0,,226.0,198.0,22,20,2
20,RyanFitzpatrick,15.5832395341,15.2809236434,-4.21723036613,-4.69369358253,0.0,5.0,249.0,,281.0,98.0,24,21,3
23,CarsonPalmer,14.3436669921,14.3647915047,-5.45680290814,-5.60982572116,0.0,9.0,151.0,131.0,148.0,200.0,17,22,-5
24,GenoSmith,14.0752170635,14.3194889759,-5.7252528367,-5.65512825002,2.0,5.0,241.0,,,299.0,23,23,0
22,KyleOrton,14.5812550775,14.1391860107,-5.21921482271,-5.83543121522,,,,,,,26,24,2
21,JoshMcCown,14.8921362418,14.1048858481,-4.90833365845,-5.86973137774,0.0,11.0,,,329.0,277.0,25,25,0
25,BrianHoyer,13.9140052414,13.2004257968,-5.88646465884,-6.77419142909,0.0,9.0,,,326.0,99.0,27,26,1
27,RobertGriffinIII,12.7477960675,12.1545250339,-7.05267383272,-7.82009219194,0.0,8.0,195.0,,230.0,214.0,21,27,-6
26,MikeGlennon,13.1802434895,12.1371328623,-6.62022641069,-7.83748436362,0.0,6.0,,,,369.0,28,28,0
28,KirkCousins,11.8576166231,10.9362159127,-7.94285327712,-9.03840131321,0.0,8.0,,,,364.0,29,29,0
29,EJManuel,11.5761230787,10.205905212,-8.2243468215,-9.76871201386,0.0,8.0,,,,362.0,30,30,0
30,JakeLocker,11.1158584457,9.31504459193,-8.68461145449,-10.659572634,,,,,,,31,31,0
33,ShaunHill,9.88764999459,9.16219501659,-9.91281990564,-10.8124222093,1.0,5.0,,,,375.0,34,32,2
32,ChadHenne,9.91367515683,8.87826064509,-9.88679474341,-11.0963565808,0.0,8.0,,,,373.0,33,33,0
31,CaseKeenum,10.3374132355,8.707462313,-9.46305666477,-11.2671549129,,,,,,,32,34,-2
38,ColtMcCoy,8.92215738281,8.13847192769,-10.8783125174,-11.8361452982,1.0,8.0,,,,374.0,39,35,4
36,CharlieWhitehurst,9.06914825194,8.11919691867,-10.7313216483,-11.8554203072,,,,,,,37,36,1
34,MattCassel,9.78594222919,7.91630527061,-10.014527671,-12.0583119553,1.0,8.0,,,,104.0,35,37,-2
37,ChristianPonder,8.98257553565,7.19875484093,-10.8178943646,-12.775862385,1.0,6.0,,,,371.0,38,38,0
39,MattMcGloin,8.80135451794,7.10094795356,-10.9991153823,-12.8736692723,,,,,,,40,39,1
35,MichaelVick,9.1941342886,6.80945931368,-10.6063356116,-13.1651579122,,,,,,,36,40,-4
40,BrandonWeeden,8.71066101983,6.71396493777,-11.0898088804,-13.2606522881,1.0,6.0,,,,110.0,41,41,0
42,DerekAnderson,7.70704491144,6.53122602414,-12.0934249888,-13.4433912018,1.0,5.0,,,,365.0,43,42,1
43,MattSchaub,7.59109556942,5.97780863853,-12.2093743308,-13.9968085874,,,,,,,44,43,1
41,JasonCampbell,7.89089399438,5.67483923582,-11.9095759059,-14.2997779901,,,,,,,42,44,-2
45,BlaineGabbert,6.92835327253,5.50863933611,-12.8721166277,-14.4659778898,1.0,10.0,,,,372.0,46,45,1
47,MattHasselbeck,6.45041664591,5.16994961586,-13.3500532543,-14.80466761,,,,,,,48,46,2
44,MattFlynn,7.30617415576,4.95056352441,-12.4942957445,-15.0240537015,,,,,,,45,47,-2
51,TJYates,5.83846733466,4.77227803298,-13.9620025656,-15.2023391929,,,,,,,52,48,4
46,KellenClemens,6.9131459195,4.76061216406,-12.8873239807,-15.2140050618,,,,,,,47,49,-2
48,ChaseDaniel,6.24149871711,4.61451132863,-13.5589711831,-15.3601058973,1.0,9.0,,,,366.0,49,50,-1
49,MattSimms,5.99651032204,4.595327522,-13.8039595782,-15.3792897039,,,,,,,50,51,-1
52,BrockOsweiler,5.75508104607,4.53035953053,-14.0453888542,-15.4442576954,1.0,7.0,,,,203.0,53,52,1
54,MattMoore,5.4782963426,4.47989071208,-14.3221735576,-15.4947265138,,,,,,,55,53,2
50,TarvarisJackson,5.87037643437,4.45309414438,-13.9300934659,-15.5215230815,,,,,,,51,54,-3
53,MattBarkley,5.53728664958,4.31841961298,-14.2631832507,-15.6561976129,,,,,,,54,55,-1
55,TyrodTaylor,5.25071729196,3.99021009857,-14.5497526083,-15.9844071273,1.0,8.0,,,307.0,363.0,56,56,0
